model,variant,group,split,n,n_default,observed_rate,expected_rate,observed_over_expected,auc,gini,ks,ks_decile,brier,reliability,resolution,uncertainty,score_psi,psi_band
scorecard,with_delinquency,all,train,2046874,13513,0.006601774217660687,0.006620987499447361,0.9970981244431774,0.8936105513836875,0.787221102767375,0.622471279499945,3,0.005992079820164099,8.285079028256749e-7,0.00016503306670819586,0.006558190794839717,,
scorecard,with_delinquency,current,train,2021101,7996,0.003956259484310779,0.003971800476336882,0.996087166986687,0.8313019514916156,0.6626039029832311,0.5234165606725364,3,0.0039024460076645265,9.064710671791524e-7,0.0000315949540643527,0.00394060749520358,,
scorecard,with_delinquency,30_60_dpd,train,25773,5517,0.21406122686532417,0.21436841859383343,0.9985669916747797,0.6198763494481082,0.23975269889621642,0.17937031875624415,6,0.16985973155169315,0.0064641736333339705,0.004944020967793339,0.1682390180182364,,
scorecard,with_delinquency,all,validation_in_time,517080,3497,0.006762976715401872,0.006536778849225898,1.0346038731603657,0.8918178661261964,0.7836357322523928,0.6114340235228686,3,0.006219173811685748,1.389546885752793e-6,0.00016909364009305374,0.006717238861348804,,
scorecard,with_delinquency,current,validation_in_time,510378,2077,0.0040695327776667485,0.0039537847867360644,1.029275238075423,0.8295585026707735,0.6591170053415469,0.5157584329023476,3,0.004017063174819183,9.287219269738735e-7,0.00003181566857201688,0.004052971680638244,,
scorecard,with_delinquency,30_60_dpd,validation_in_time,6702,1420,0.21187705162638018,0.2032397546214486,1.042498068456239,0.5816138119896966,0.16322762397939328,0.1244740308568564,8,0.1739167003146228,0.009839016238842108,0.0028355211788662557,0.16698516662049243,,
scorecard,with_delinquency,all,oot_stress,342603,7446,0.021733610038440994,0.0067601789142816065,3.214945982054765,0.8191027585100449,0.6382055170200898,0.4599264358618254,4,0.01972539015950715,0.0005350514764505351,0.0009146898660428945,0.02126126023313797,,
scorecard,with_delinquency,current,oot_stress,336602,4966,0.014753328857226041,0.0036607521091998503,4.030135998596953,0.7393525123525447,0.47870502470508947,0.36195266992234887,4,0.014565908951946214,0.00019748528645151597,0.00015582068207301017,0.014535668144856583,,
scorecard,with_delinquency,30_60_dpd,oot_stress,6001,2480,0.4132644559240127,0.18061008083798258,2.2881583021643968,0.5126078780771591,0.02521575615431826,0.0357528790391293,8,0.30912577233371585,0.06699899460649208,0.0006125833036806647,0.24247694539384249,,
scorecard,with_delinquency,all,oot_benign,536028,5416,0.010103949793667496,0.003239497852851421,3.118986414753741,0.7675291366126977,0.5350582732253955,0.38805019506418503,4,0.009742196274674495,0.00008206504215341931,0.00012165454711695104,0.010001859992234543,,
scorecard,with_delinquency,current,oot_benign,531210,4268,0.00803448730257337,0.00220745019326231,3.639713968222991,0.7109375420466809,0.42187508409336183,0.32687580856128684,4,0.00798470099600955,0.00004924163746779103,0.00003678636148164078,0.007969934316358158,,
scorecard,with_delinquency,30_60_dpd,oot_benign,4818,1148,0.23827314238273142,0.1170282145922312,2.036031594713818,0.5126240161778808,0.025248032355761563,0.04576564858680895,10,0.20351535255935818,0.02341751166955246,0.0013084282353804301,0.18149905200179,,
lightgbm,with_delinquency,all,train,2046874,13513,0.006601774217660687,0.006592293651940114,1.0014381285514766,0.9162272961581064,0.8324545923162128,0.6655244060037175,2,0.0055485984266395874,1.3076600799742271e-6,0.00020084199673162743,0.006558190794839717,,
lightgbm,with_delinquency,current,train,2021101,7996,0.003956259484310779,0.003988579968830748,0.9918967440110161,0.8684876103086402,0.7369752206172804,0.5807111649789193,3,0.00386326235100587,1.179461342111858e-6,0.00004574430234627303,0.00394060749520358,,
lightgbm,with_delinquency,30_60_dpd,train,25773,5517,0.21406122686532417,0.210773736582372,1.0155972481973217,0.7704374445738735,0.5408748891477471,0.3926600846843922,4,0.13771149866329735,0.00016503170302427435,0.029567072800836546,0.1682390180182364,,
lightgbm,with_delinquency,all,validation_in_time,517080,3497,0.006762976715401872,0.0065866921382342816,1.0267637493096569,0.893694187099027,0.7873883741980541,0.6144528808456389,2,0.005902693117655175,5.228917360519398e-7,0.00017017581203843801,0.006717238861348804,,
lightgbm,with_delinquency,current,validation_in_time,510378,2077,0.0040695327776667485,0.004006590596149228,1.0157096613709458,0.8317893524768714,0.6635787049537427,0.5244967318348709,4,0.004013076741528678,3.5755801497410174e-7,0.000032968927043855344,0.004052971680638244,,
lightgbm,with_delinquency,30_60_dpd,validation_in_time,6702,1420,0.21187705162638018,0.20306939354770684,1.0433726517068864,0.6997322157100117,0.3994644314200233,0.28103071286484527,4,0.14980281648600635,0.0012411755252125258,0.01736658710562997,0.16698516662049243,,
lightgbm,with_delinquency,all,oot_stress,342603,7446,0.021733610038440994,0.007752975684918565,2.803260441112718,0.832384718010344,0.6647694360206879,0.48189409407529477,3,0.018653730530812554,0.00043384614826662217,0.0009911461117991112,0.02126126023313797,,
lightgbm,with_delinquency,current,oot_stress,336602,4966,0.014753328857226041,0.003746782095553465,3.93759991399946,0.758535389003059,0.5170707780061179,0.39872556875153997,5,0.014540343639755374,0.00020482338525150127,0.0001916739312170614,0.014535668144856583,,
lightgbm,with_delinquency,30_60_dpd,oot_stress,6001,2480,0.4132644559240127,0.23246431955551863,1.7777543526429835,0.6673344724281042,0.33466894485620835,0.2728301847898782,3,0.249377652261129,0.03521281984775487,0.027772013013298222,0.24247694539384249,,
lightgbm,with_delinquency,all,oot_benign,536028,5416,0.010103949793667496,0.0037008552375067507,2.730166176528018,0.7819595846396526,0.5639191692793053,0.41412682288184915,3,0.009465026518394246,0.00006763934080804317,0.0001317484386017067,0.010001859992234543,,
lightgbm,with_delinquency,current,oot_benign,531210,4268,0.00803448730257337,0.0022053647153716777,3.6431558220606113,0.7290346927418822,0.4580693854837643,0.3574963009947971,4,0.007984883667465895,0.00005235574635398244,0.000043902911387426134,0.007969934316358158,,
lightgbm,with_delinquency,30_60_dpd,oot_benign,4818,1148,0.23827314238273142,0.16858660041462836,1.4133575372936715,0.6557710839369975,0.3115421678739949,0.2578401959574287,2,0.17265860971508332,0.006931256987157458,0.015138399487441953,0.18149905200179,,
scorecard,without_delinquency,all,train,2046874,13513,0.006601774217660687,0.006582197629016729,1.0029741721150482,0.8463083513365468,0.6926167026730936,0.5499815774392401,3,0.0064339057345881275,6.754054755633133e-7,0.00010062939377860588,0.006558190794839717,,
scorecard,without_delinquency,current,train,2021101,7996,0.003956259484310779,0.006352522255865731,0.6227856156911039,0.8317348715363988,0.6634697430727976,0.5241368688670985,3,0.003942735038266114,0.000022400885246476504,0.000031520017895391755,0.00394060749520358,,
scorecard,without_delinquency,30_60_dpd,train,25773,5517,0.21406122686532417,0.024593183014918852,8.704087906614982,0.6177510250522512,0.23550205010450243,0.17311380614163718,7,0.20178980475709685,0.03844354581008184,0.0047882943118649655,0.1682390180182364,,
scorecard,without_delinquency,all,validation_in_time,517080,3497,0.006762976715401872,0.0065102944165997675,1.0388127299063192,0.83757423137861,0.67514846275722,0.5325719797385429,3,0.006613060758141228,1.2750078381330423e-6,0.00009333365102407622,0.006717238861348804,,
scorecard,without_delinquency,current,validation_in_time,510378,2077,0.0040695327776667485,0.0062984560130499075,0.6461159321006601,0.8314248076354039,0.6628496152708079,0.5250629255317945,3,0.004058183849743847,0.000020006438934910355,0.00003272074608710478,0.004052971680638244,,
scorecard,without_delinquency,30_60_dpd,validation_in_time,6702,1420,0.21187705162638018,0.022642443137424986,9.357517222873145,0.5828625387310611,0.16572507746212217,0.12168859426913622,8,0.20117482840273063,0.03791958854217589,0.0033320294855251923,0.16698516662049243,,
scorecard,without_delinquency,all,oot_stress,342603,7446,0.021733610038440994,0.006160844971257656,3.5276995509277294,0.7566661892303725,0.5133323784607451,0.392942322144588,4,0.021217074301574473,0.0003905800004690961,0.00040566410168345037,0.02126126023313797,,
scorecard,without_delinquency,current,oot_stress,336602,4966,0.014753328857226041,0.005941289608677081,2.483186282600874,0.7386355314414442,0.47727106288288845,0.3616155198072047,4,0.014486217378052103,0.00011068973175359233,0.00015594195701712754,0.014535668144856583,,
scorecard,without_delinquency,30_60_dpd,oot_stress,6001,2480,0.4132644559240127,0.01847592148439663,22.367731767696927,0.5090115986110983,0.018023197222196696,0.03602646792058706,8,0.39875746793121547,0.1569796866341678,0.000839438541583906,0.24247694539384249,,
scorecard,without_delinquency,all,oot_benign,536028,5416,0.010103949793667496,0.0031209524730741746,3.237457116325449,0.726665151473707,0.45333030294741405,0.35276250112728996,4,0.010018677475163962,0.00007056954334809617,0.0000693560670690394,0.010001859992234543,,
scorecard,without_delinquency,current,oot_benign,531210,4268,0.00803448730257337,0.00306145894257249,2.624398188342886,0.7086904464751064,0.41738089295021275,0.3280438910354282,4,0.007989520337500626,0.00003487169095543906,0.00003574234136979894,0.007969934316358158,,
scorecard,without_delinquency,30_60_dpd,oot_benign,4818,1148,0.23827314238273142,0.00968042908947102,24.613902976872247,0.5108294012095435,0.02165880241908691,0.05084734498571142,7,0.23374399152625172,0.053908915293950886,0.0014704474006235113,0.18149905200179,,
lightgbm,without_delinquency,all,train,2046874,13513,0.006601774217660687,0.006606272589042286,0.9993190757237204,0.8813646574507955,0.762729314901591,0.6079548805166739,3,0.006325905574123469,9.603944891602785e-7,0.00013739568821656084,0.006558190794839717,,
lightgbm,without_delinquency,current,train,2021101,7996,0.003956259484310779,0.00631749108597568,0.6262390291445532,0.8693817652403909,0.7387635304807818,0.5852023570034587,3,0.003895119675008888,0.000018397364672101442,0.00004432572472361034,0.00394060749520358,,
lightgbm,without_delinquency,30_60_dpd,train,25773,5517,0.21406122686532417,0.02925232018262542,7.317752080139853,0.6737383254358709,0.34747665087174173,0.24805971868941074,6,0.19694647017608596,0.039422728526222056,0.010330774433755711,0.1682390180182364,,
lightgbm,without_delinquency,all,validation_in_time,517080,3497,0.006762976715401872,0.006604876971561095,1.0239368188872426,0.8430362435501251,0.6860724871002502,0.5351736616137204,4,0.006616226034102339,2.555597042358561e-6,0.00009966357085989924,0.006717238861348804,,
lightgbm,without_delinquency,current,validation_in_time,510378,2077,0.0040695327776667485,0.006337775994690877,0.6421073861044909,0.8326051736447522,0.6652103472895043,0.5200358771267288,4,0.004077781818129342,0.000027375886117134165,0.00003276895286535236,0.004052971680638244,,
lightgbm,without_delinquency,30_60_dpd,validation_in_time,6702,1420,0.21187705162638018,0.026945441336387658,7.863187282082376,0.5983958274447899,0.19679165488957984,0.14544773373295433,6,0.19992659339606395,0.036118413329200134,0.0038458471207432334,0.16698516662049243,,
lightgbm,without_delinquency,all,oot_stress,342603,7446,0.021733610038440994,0.0064479748885733195,3.3706102170087355,0.7758486883930859,0.5516973767861717,0.42178759467068483,4,0.021160876148372545,0.00039966124310630255,0.00047929269036983067,0.02126126023313797,,
lightgbm,without_delinquency,current,oot_stress,336602,4966,0.014753328857226041,0.006189377565257127,2.3836530736210046,0.760267799239851,0.520535598479702,0.3987973555545401,4,0.014469240018937917,0.00011326570703637437,0.00019205138902975957,0.014535668144856583,,
lightgbm,without_delinquency,30_60_dpd,oot_stress,6001,2480,0.4132644559240127,0.020952953429296133,19.72344649734161,0.5221014924279209,0.04420298485584184,0.03932934650163536,8,0.39650133681158795,0.15457778452498966,0.0008896420020893924,0.24247694539384249,,
lightgbm,without_delinquency,all,oot_benign,536028,5416,0.010103949793667496,0.0038417959387130334,2.6300068912697707,0.7429520813504266,0.4859041627008531,0.3707107024857259,4,0.010018732864210907,0.0000618769616089683,0.00007920507451429621,0.010001859992234543,,
lightgbm,without_delinquency,current,oot_benign,531210,4268,0.00803448730257337,0.0037681886717261105,2.1321881685114716,0.7301201049384133,0.46024020987682657,0.35277841728503745,4,0.007997934504937399,0.00003167620206874133,0.00004453106069826837,0.007969934316358158,,
lightgbm,without_delinquency,30_60_dpd,oot_benign,4818,1148,0.23827314238273142,0.011957386701710785,19.926857625892524,0.5161331399709481,0.032266279941896236,0.06753790504039722,9,0.23282244735771027,0.05330713059153675,0.0016841840766014652,0.18149905200179,,
