month,cumulative_default,survival,naive_chained
1,0.0005247791094364112,0.9803667568404641,0.0005247791094363796
2,0.0010392551030122127,0.9611189779178898,0.0010492828257591125
3,0.0015436302643063965,0.9422490953191833,0.0015735112934885942
4,0.002038102905415262,0.9237496897139291,0.0020974646570697253
5,0.0025228674449254986,0.9056134874372298,0.002621143060871245
6,0.0029981144843564105,0.8878333576298194,0.003144546649186508
7,0.003464030883101326,0.8704023094343261,0.0036676755662327087
8,0.003920799831897667,0.8533134892465803,0.004190529956151767
9,0.004368600924854564,0.8365601780208902,0.004713109963009665
10,0.004807610230066333,0.8201357886282215,0.0052354157307969995
11,0.005238000358839579,0.8040338632662459,0.0057574474034286505
12,0.005659940533561157,0.7882480709202387,0.006279205124744003
13,0.006073596654233649,0.7727722048738266,0.006800689038507057
14,0.006479131363704547,0.7576001802686081,0.007321899288406208
15,0.006876704111614772,0.7427260317116863,0.007842836018054689
16,0.00726647121709167,0.7281439109301736,0.008363499370990013
17,0.007648585930211152,0.7138480844717461,0.008883889490674757
18,0.008023198492253122,0.6998329314503434,0.009404006520495889
19,0.008390456194773906,0.6860929413361281,0.009923850603765327
20,0.008750503437518887,0.6726227117888347,0.010443421883719717
21,0.009103481785198136,0.6594169465336581,0.010962720503520429
22,0.009449530023147346,0.6464704532788441,0.011481746606254006
23,0.009788784211895971,0.6337781416741652,0.012000500334931608
24,0.010121377740664003,0.6213350213094776,0.01251898183248934
25,0.010447441379808445,0.6091361997525733,0.013037191241788704
26,0.010767103332240081,0.5971768806255554,0.013555128705615593
27,0.011080489283830774,0.5854523617189807,0.014072794366681629
28,0.011387722452831104,0.5739580331430274,0.014590188367622936
29,0.011688923638317776,0.5626893755149615,0.015107310851001254
30,0.011984211267689848,0.5516419581821889,0.015624161959303273
31,0.012273701443232454,0.5408114374801954,0.016140741834940964
32,0.012557507987766336,0.5301935550246887,0.01665705062025158
33,0.012835742489401118,0.5197841360372703,0.017173088457497654
34,0.013108514345409931,0.5095790877039813,0.017688855488867006
35,0.013375930805242646,0.4995743975660746,0.018204351856472956
36,0.013638097012694602,0.4897661319423812,0.018719577702354218
37,0.013895116047247441,0.48015043438265115,0.01923453316847501
38,0.014147088964598275,0.4707235241512598,0.01974921839672472
39,0.014394114836393142,0.46148169474068446,0.020263633528918912
40,0.014636290789180363,0.4524213124141659,0.020777778706797978
41,0.014873712042599121,0.44353881477698226,0.0212916540720286
42,0.015106471946818268,0.43483070937577345,0.021805259766202623
43,0.01533466201924009,0.4262935723253654,0.022318595930837848
44,0.015558371980483461,0.4179240469625543,0.022831662707377798
45,0.015777689789660532,0.4097188425263212,0.02334446023719161
46,0.015992701678960813,0.40167473286395833,0.023856988661574485
47,0.01620349218755627,0.39378855516259864,0.024369248121747122
48,0.01641014419484075,0.386057208705649,0.024881238758856616
49,0.016612738953016806,0.37847765365363933,0.025392960713975454
50,0.016811356119042744,0.37104690984900685,0.025904414128102404
51,0.01700607378595244,0.36376205564434694,0.026415599142162183
52,0.017196968513560236,0.3566202267536689,0.026926515897005454
53,0.01738411535856304,0.3496186151262053,0.027437164533409164
54,0.01756758790405136,0.3427544678423323,0.027947545192076317
55,0.01774745828844101,0.3360250860311665,0.028457658013635867
56,0.01792379723383674,0.32942782380941266,0.028967503138643158
57,0.01809667407383902,0.32296008724104575,0.029477080707579817
58,0.01826615678080488,0.3166193333174174,0.02998639086085375
59,0.018432311992573544,0.3104030689573864,0.030495433738798927
60,0.01859520503866733,0.30430885002707986,0.031004209481676037
61,0.01875489996597816,0.2983342803788995,0.03151271822967183
62,0.018911459563949753,0.2924770109093954,0.03202096012289968
63,0.019064945389265408,0.286734738635637,0.03252893530139944
64,0.0192154177900511,0.28110520578971754,0.0330366439051375
65,0.019362935929603368,0.27558619893103664,0.03354408607400661
66,0.01950755780965136,0.2701755480760114,0.03405126194782615
67,0.019649340293162187,0.2648711258448742,0.03455817166634234
68,0.01978833912669848,0.2596708466252218,0.03506481536922801
69,0.019924608962337064,0.2545726657519863,0.035571193196082374
70,0.020058203379157244,0.2495745787035063,0.036077305286431716
71,0.020189174904307237,0.24467462031338164,0.03658315177972904
72,0.020317575033656984,0.23987086399780191,0.037088732815354075
73,0.020443454252045492,0.23516142099804513,0.03759404853261339
74,0.020566862053130647,0.23054443963784854,0.03809909907074083
75,0.020687846958849315,0.22601810459535973,0.03860388456889652
76,0.020806456538495374,0.22158063618938162,0.03910840516616798
77,0.02092273742742319,0.21723028967963084,0.03961266100156979
78,0.021036735345383882,0.21296535458073423,0.04011665221404337
79,0.021148495114501568,0.2087841539896939,0.04062037894245729
80,0.021258060676896715,0.20468504392655626,0.04112384132560731
81,0.021365475111963444,0.2006664126880259,0.041627039502216245
82,0.021470780653307667,0.19672668021377013,0.04212997361093418
83,0.02157401870535263,0.19286429746516492,0.042632643790338376
84,0.021675229859618478,0.1890777458162383,0.0431350501789336
85,0.021774453910682168,0.18536553645657117,0.04363719291515156
86,0.02187172987182405,0.1817262098059215,0.04413907213735169
87,0.021967095990367256,0.178158334940341,0.04464068798382048
88,0.022060589762715924,0.17466050902955926,0.04514204059277205
89,0.022152247949098165,0.17123135678541362,0.045643130102347995
90,0.022242106588019603,0.16786952992110835,0.046143956650617435
91,0.02233020101043311,0.16457370662109025,0.04664452037557676
92,0.022416565853630374,0.16134259102133228,0.04714482141515042
93,0.022501235074860713,0.15817491269982092,0.04764485990719003
94,0.022584241964682505,0.155069426177047,0.04814463598947505
95,0.02266561916005251,0.15202491042630334,0.048644149799712766
96,0.022745398657158175,0.14904016839359707,0.04914340147553797
97,0.02282361182399802,0.1461140265269874,0.0496423911545133
98,0.02290028941271502,0.1432453343151642,0.05014111897412932
99,0.022975461571687852,0.14043296383508558,0.05063958507180433
100,0.023049157857384744,0.13767580930849704,0.051137789584884574
101,0.023121407245984594,0.13497278666715742,0.05163573265064403
102,0.023192238144769936,0.13232283312660095,0.05213341440628483
103,0.023261678403296217,0.1297249067682677,0.05263083498893728
104,0.02332975532434179,0.1271779861298382,0.053127994535659195
105,0.02339649567464292,0.124681069803611,0.053624893183437106
106,0.02346192569541804,0.12223317604276565,0.05412153106918505
107,0.023526071112685346,0.11983334237535569,0.05461790832974556
108,0.023588957147377874,0.11748062522588042,0.05511402510188945
109,0.023650608525259943,0.11517409954428641,0.055609881522315385
110,0.023711049486648934,0.11291285844225285,0.05610547772765062
111,0.02377030379594618,0.11069601283661785,0.05660081385445059
112,0.023828394750980742,0.10852269109980543,0.057095890039199015
113,0.02388534519216974,0.10639203871711575,0.05759070641830821
114,0.023941177511498834,0.10430321795074386,0.05808526312811857
115,0.023995913661326376,0.10225540751039484,0.05857956030489919
116,0.024049575163014737,0.10024780223036583,0.05907359808484758
117,0.024102183115392146,0.098279612752968,0.05956737660408973
118,0.024153758203048405,0.09635006521816396,0.060060895998680364
119,0.024204320704467732,0.09445840095929861,0.0605541564046026
120,0.02425389050000194,0.09260387620480377,0.06104715795776838
121,0.024302487079687057,0.0907857617857593,0.061539900794018054
122,0.024350129550906492,0.08900334284919578,0.0620323850491209
123,0.024396836645903756,0.08725591857702598,0.06252461085877503
124,0.024442626729147664,0.08554280191049457,0.06301657835860708
125,0.02448751780455295,0.08386331928003782,0.06350828768417272
126,0.024531527522559108,0.08221681034044705,0.06399973897095634
127,0.02457467318707027,0.08060262771123161,0.06449093235437142
128,0.024616971762258806,0.07902013672207946,0.06498186796976013
129,0.024658439879235362,0.0774687151633151,0.06547254595239382
130,0.02469909384258795,0.07594775304125692,0.06596296643747279
131,0.024738949636792636,0.07445665233837755,0.06645312956012628
132,0.024778022932498384,0.07299482677817315,0.06694303545541291
133,0.0248163290926885,0.07156170159464907,0.06743268425832005
134,0.024853883178721094,0.07015671330633118,0.06792207610376444
135,0.024890699956250976,0.06877930949471413,0.06841121112659199
136,0.024926793901035263,0.06742894858705943,0.06890008946157788
137,0.024962179204625012,0.06610509964345786,0.06938871124342649
138,0.02499686977994511,0.0648072421480725,0.06987707660677167
139,0.025030879266764606,0.06353486580448048,0.07036518568617633
140,0.025064221037059645,0.06228747033503263,0.07085303861613301
141,0.02509690820027111,0.06106456528415256,0.07134063553106351
142,0.02512895360845905,0.05986566982549744,0.07182797656531925
143,0.025160369861355888,0.05869031257290496,0.07231506185318115
144,0.02519116931132044,0.05753803139505195,0.0728018915288593
145,0.02522136406819466,0.05640837323375189,0.07328846572649395
146,0.025250966004065026,0.055300893925819786,0.0737747845801544
147,0.025279986757930455,0.05421515802843447,0.07426084822383994
148,0.02530843774027857,0.05315073864792955,0.0747466567914794
149,0.025336330137572118,0.05210721727194581,0.0752322104169314
150,0.0253636749166473,0.05108418360487893,0.07571750923398424
151,0.025390482829025753,0.05008123540655797,0.07620255337635606
152,0.02541676441514188,0.04909797833409106,0.07668734297769486
153,0.025442530008487174,0.04813402578681623,0.07717187817157833
154,0.025467789739673168,0.047188998754296295,0.07765615909151435
155,0.025492553540414645,0.04626252566729816,0.0781401858709404
156,0.02551683114743461,0.045354242251697825,0.07862395864322425
157,0.025540632106292618,0.04446379138525375,0.07910747754166347
158,0.025563965775137937,0.04359082295719219,0.07959074269948585
159,0.025586841328389013,0.042734993730549356,0.08007375424984897
160,0.0256092677603407,0.04189596720721624,0.08055651232584093
161,0.025631253888700682,0.041073413495633024,0.08103901706047956
162,0.025652808358056434,0.0402670091810811,0.08152126858671338
163,0.02567393964327415,0.039476437198521674,0.08200326703742078
164,0.025694656052830913,0.038701386707930954,0.0824850125454103
165,0.025714965732081454,0.03794155297208292,0.0829665052434213
166,0.02573487666646078,0.037196637236731604,0.08344774526412302
167,0.0257543966846239,0.03646634661314581,0.08392873274011514
168,0.02577353346152395,0.03575039396295,0.0844094678039281
169,0.025792294521429827,0.0350484977852262,0.08488995058802229
170,0.02581068724088464,0.0343603821058324,0.08537018122478901
171,0.025828718851606033,0.03368577636889403,0.08585015984654987
172,0.025846396443329575,0.033024415330425785,0.08632988658555696
173,0.025863726966596334,0.032376038954042036,0.08680936157399322
174,0.025880717235485715,0.03174039230871473,0.08728858494397207
175,0.025897373930294645,0.031117225468538668,0.08776755682753756
176,0.025913703600164158,0.030506293414464748,0.08824627735666457
177,0.025929712665654407,0.029907355937962413,0.08872474666325869
178,0.025945407421269127,0.02932017754657361,0.08920296487915613
179,0.025960794037930536,0.028744527371320966,0.08968093213612416
180,0.02597587856540563,0.028180179075933887,0.09015864856586076
181,0.025990666934684856,0.027626910767856814,0.09063611429999474
182,0.026005164960314093,0.02708450491100468,0.09111332947008599
183,0.026019378342680817,0.026552748240231284,0.09159029420762532
184,0.026033312670255413,0.026031431677476884,0.09206700864403439
185,0.026046973421788473,0.025520350249562136,0.09254347291066611
186,0.026060365968464942,0.025019303007595962,0.09301968713880426
187,0.026073495576015987,0.024528092947965725,0.09349565145966388
188,0.026086367406789393,0.024046526934878618,0.09397136600439104
189,0.02609898652177932,0.023574415624423816,0.09444683090406314
190,0.026111357882616187,0.023111573390125543,0.09492204628968859
191,0.026123486353517533,0.02265781824995775,0.0953970122922072
192,0.026135376703200517,0.022212971794791758,0.09587172904248997
193,0.026147033606756923,0.0217768591182487,0.09634619667133937
194,0.02615846164749132,0.02134930874792917,0.09682041530948893
195,0.02616966531872314,0.02093015257799307,0.09729438508760391
196,0.026180649025553386,0.020519225803063146,0.09776810613628095
197,0.02619141708659664,0.020116366853426184,0.09824157858604776
198,0.026201973735679077,0.019721417331506442,0.0987148025673642
199,0.026212323123503127,0.01933422194958629,0.09918777821062108
200,0.026222469319279476,0.018954628468749627,0.09966050564614115
201,0.026232416312327006,0.018582487639024006,0.10013298500417855
202,0.026242168013641327,0.018217653140697978,0.10060521641491915
203,0.026251728257432525,0.017859981526790573,0.10107720000848075
204,0.026261100802632706,0.017509332166650276,0.10154893591491232
205,0.026270289334373947,0.017165567190661347,0.10202042426419511
206,0.026279297465437234,0.016828551436035743,0.10249166518624175
207,0.02628812873767294,0.016498152393669297,0.10296265881089706
208,0.026296786623393437,0.016174240156041308,0.10343340526793743
209,0.026305274526738334,0.01585668736613702,0.10390390468707134
210,0.026313595785012946,0.015545369167372912,0.10437415719793908
211,0.02632175367000046,0.015240163154505128,0.104844162930113
212,0.026329751389248347,0.01494094932550173,0.1053139220130973
213,0.02633759208732952,0.014647610034359852,0.10578343457632833
214,0.026345278847078723,0.014360029944849207,0.1062527007491747
215,0.026352814690804662,0.014078095985163767,0.10672172066093666
216,0.026360202581478316,0.013801697303463761,0.10719049444084716
217,0.026367445423897937,0.013530725224290547,0.10765902221807078
218,0.02637454606583117,0.013265073205837185,0.10812730412170479
219,0.026381507299134736,0.01300463679805794,0.10859534028077844
220,0.026388331860852165,0.01274931360160022,0.10906313082425334
221,0.026395022434289938,0.012499003227542825,0.10953067588102339
222,0.02640158165007253,0.012253607257924654,0.10999797557991497
223,0.02640801208717673,0.012013029207048366,0.11046503004968666
224,0.026414316273945637,0.01177717448354378,0.11093183941902973
225,0.02642049668908279,0.011545950353176083,0.11139840381656763
226,0.026426555762626727,0.011319265902384247,0.11186472337085651
227,0.026432495876906454,0.011097032002535295,0.11233079821038505
228,0.026438319367478133,0.010879161274880369,0.1127966284635743
229,0.02644402852404338,0.010665568056198836,0.11326221425877814
230,0.026449625591349547,0.010456168365116906,0.11372755572428306
231,0.02645511277007231,0.010250879869087518,0.11419265298830805
232,0.026460492217680952,0.010049621852018532,0.11465750617900505
233,0.026465766049286625,0.009852315182536467,0.1151221154244586
234,0.026470936338474003,0.009658882282873342,0.11558648085268608
235,0.02647600511811656,0.009469247098364357,0.11605060259163769
236,0.026480974381175873,0.00928333506754444,0.11651448076919657
237,0.02648584608148522,0.009101073092831894,0.11697811551317838
238,0.02649062213451779,0.008922389511787617,0.11744150695133226
239,0.026495304418139833,0.008747214068938598,0.11790465521133986
240,0.026499894773348978,0.008575477888154614,0.11836756042081598
241,0.026504395004998117,0.00840711344556725,0.11883022270730859
242,0.026508806882505013,0.008242054543020625,0.11929264219829849
243,0.026513132140548026,0.008080236282043345,0.11975481902119978
244,0.026517372479748152,0.007921595038331484,0.12021675330335946
245,0.026521529567337682,0.0077660684367325495,0.12067844517205795
246,0.026525605037815734,0.007613595326720583,0.12113989475450881
247,0.0265296004935909,0.0074641157583527715,0.12160110217785869
248,0.0265335175056113,0.0073175709586981086,0.1220620675691877
249,0.02653735761398224,0.00717390330872883,0.12252279105550912
250,0.026541122328571778,0.0070330563206655585,0.12298327276376975
251,0.026544813129604352,0.006894974615767221,0.12344351282084964
252,0.0265484314682428,0.0067596039025570355,0.12390351135356215
253,0.026551978767158927,0.0066268909554759855,0.12436326848865442
254,0.026555456421092874,0.006496783593955397,0.12482278435280669
255,0.02655886579740151,0.006369230661900387,0.125282059072633
256,0.02656220823659606,0.0062441820075761255,0.12574109277468093
257,0.026565485052869153,0.006121588463888984,0.1261998855854315
258,0.02656869753461157,0.006001401829054842,0.12665843763129936
259,0.026571846944918792,0.005883574847646925,0.1271167490386329
260,0.026574934522087642,0.005768061192015743,0.12757481993371445
261,0.026577961480103163,0.005654815444073816,0.12803265044275947
262,0.02658092900911593,0.005543793077438016,0.12849024069191772
263,0.02658383827591001,0.005434950439922524,0.12894759080727247
264,0.0265866904243617,0.005328244736375498,0.12940470091484113
265,0.026589486575889314,0.005223634011852721,0.1298615711405745
266,0.026592227829894077,0.005121077135121594,0.1303182016103578
267,0.0265949152641924,0.005020533782489013,0.13077459245000966
268,0.026597549935439672,0.0049219644219467415,0.1312307437852832
269,0.0266001328795457,0.004825330297628077,0.13168665574186533
270,0.026602665112082025,0.004730593414569669,0.13214232844537677
271,0.026605147628681228,0.004637716523772524,0.13259776202137274
272,0.02660758140542839,0.0045466631075563,0.13305295659534233
273,0.026609967399244882,0.004457397365201157,0.13350791229270875
274,0.026612306548264596,0.004369884198871488,0.1339626292388294
275,0.026614599772202818,0.0042840891998160305,0.13441710755899616
276,0.026616847972717843,0.004199978634838901,0.13487134737843465
277,0.026619052033765484,0.004117519433036254,0.1353253488223053
278,0.02662121282194664,0.004036679172793338,0.13577911201570259
279,0.02662333118684802,0.003957426069036853,0.1362326370836553
280,0.02662540796137619,0.003879728960737566,0.13668592415112668
281,0.02662744396208506,0.003803557298658312,0.13713897334301461
282,0.02662943998949694,0.003728881133342526,0.13759178478415102
283,0.02663139682841729,0.003655671103338607,0.13804435859930264
284,0.026633315248243295,0.0035838984236554712,0.13849669491317051
285,0.026635196003266373,0.003513534874444766,0.1389487938503905
286,0.026637039832968758,0.0034445527899052827,0.13940065553553282
287,0.02663884746231425,0.0033769250474052145,0.13985228009310235
288,0.02664061960203326,0.0033106250568179806,0.14030366764753888
289,0.026642356948902254,0.003245626750067421,0.14075481832321646
290,0.02664406018601772,0.0031819045708782532,0.14120573224444433
291,0.026645729983064737,0.003119433464727762,0.1416564095354662
292,0.026647366996580303,0.0030581888689947684,0.14210685032046055
293,0.026648971870211462,0.0029981467033020084,0.14255705472354097
294,0.02665054523496838,0.0029392833600481194,0.14300702286875566
295,0.026652087709472447,0.002881575695125517,0.1434567548800878
296,0.02665359990019951,0.002825001018820509,0.1439062508814556
297,0.026655082401718322,0.0027695370868920694,0.14435551099671207
298,0.02665653579692433,0.002715162091825765,0.14480453534964544
299,0.026657960657268855,0.0026618546542593957,0.14525332406397862
300,0.026659357542983767,0.0026095938145769787,0.14570187726337003
