ltv_band,property_state,n,raw_mean,raw_std,credibility,shrunk_lgd,global_mean
61-70,AL,24,0.4924665325204858,0.3372933503726959,0.32432432432432434,0.4892164948160487,0.48765647671791884
61-70,AR,6,0.4533027943802987,0.46166825199380396,0.10714285714285714,0.4839757250388881,0.48765647671791884
61-70,AZ,122,0.5061835840544033,0.21630145062231956,0.7093023255813954,0.5007977970379834,0.48765647671791884
61-70,CA,313,0.4435299256676068,0.2451987609686613,0.8622589531680441,0.44960796300236056,0.48765647671791884
61-70,CO,17,0.2892853674969417,0.22631064540439128,0.2537313432835821,0.43732350870662606,0.48765647671791884
61-70,CT,26,0.5730554149671276,0.33549461425715216,0.34210526315789475,0.5168719029610693,0.48765647671791884
61-70,DC,3,0.16253203887150305,0.03049041245240175,0.05660377358490566,0.4692532066511406,0.48765647671791884
61-70,DE,3,0.5861476854066789,0.7158718766965132,0.05660377358490566,0.49323145079464115,0.48765647671791884
61-70,FL,355,0.6011496230702618,0.3002371446617049,0.8765432098765432,0.5871381235205898,0.48765647671791884
61-70,GA,60,0.4581181981786558,0.34630177013530267,0.5454545454545454,0.4715446884237754,0.48765647671791884
61-70,HI,7,0.3987784328750469,0.2714397523488771,0.12280701754385964,0.4767416292284434,0.48765647671791884
61-70,IA,7,0.6479707146997281,0.43781598914845027,0.12280701754385964,0.5073441901542814,0.48765647671791884
61-70,ID,14,0.46591760965884255,0.27880930783335467,0.21875,0.4829010995487459,0.48765647671791884
61-70,IL,126,0.7137084309119461,0.4964836501607533,0.7159090909090909,0.6494891257431884,0.48765647671791884
61-70,IN,43,0.7642410527991407,0.5025531532583543,0.46236559139784944,0.6155396678092364,0.48765647671791884
61-70,KS,8,0.29282861511471947,0.42863266314946324,0.13793103448275862,0.46078366822092576,0.48765647671791884
61-70,KY,20,0.48768961753700546,0.29365732700674846,0.2857142857142857,0.48766594552337217,0.48765647671791884
61-70,LA,8,0.33800537280457554,0.3185313203733782,0.13793103448275862,0.46701494514366454,0.48765647671791884
61-70,MA,41,0.5425236523429662,0.29551921192570046,0.45054945054945056,0.5123768525489841,0.48765647671791884
61-70,MD,69,0.552322118228987,0.37832781721026254,0.5798319327731093,0.5251516806192945,0.48765647671791884
61-70,ME,10,0.44106548844624127,0.23054808041395922,0.16666666666666666,0.47989131200597257,0.48765647671791884
61-70,MI,136,0.7780177224085327,0.41725489491753764,0.7311827956989247,0.6999636241046042,0.48765647671791884
61-70,MN,56,0.4044991767910047,0.31532197458517547,0.5283018867924528,0.4437243182659642,0.48765647671791884
61-70,MO,52,0.601128343760781,0.4001747643911057,0.5098039215686274,0.5455048795240838,0.48765647671791884
61-70,MS,8,0.6283743130233568,0.26739134694476624,0.13793103448275862,0.5070658334497034,0.48765647671791884
61-70,MT,4,0.24252782705508535,0.28753300669428306,0.07407407407407407,0.46949879896511637,0.48765647671791884
61-70,NC,49,0.38493681301681854,0.3229620766455075,0.494949494949495,0.4368154310476772,0.48765647671791884
61-70,NE,2,0.250917844680917,0.068958011403652,0.038461538461538464,0.47855114471649574,0.48765647671791884
61-70,NH,9,0.5289677055120153,0.4609746588608786,0.15254237288135594,0.4939581895848149,0.48765647671791884
61-70,NJ,69,0.6151347783220227,0.41322897393184416,0.5798319327731093,0.5615724667236597,0.48765647671791884
61-70,NM,12,0.5823552632269693,0.316722937100271,0.1935483870967742,0.5059852741067673,0.48765647671791884
61-70,NV,61,0.5289580961270336,0.22261174440259007,0.5495495495495496,0.5103537630598648,0.48765647671791884
61-70,NY,62,0.5932402655067928,0.3587067646996169,0.5535714285714286,0.5461046455117597,0.48765647671791884
61-70,OH,103,0.768987173515627,0.4263302734246191,0.673202614379085,0.6770490373072257,0.48765647671791884
61-70,OK,8,0.5170036017130089,0.4675563470771144,0.13793103448275862,0.4917043560275864,0.48765647671791884
61-70,OR,28,0.3722854971971878,0.2192948758282802,0.358974358974359,0.4462412533002205,0.48765647671791884
61-70,PA,54,0.637284320327542,0.5176758472194182,0.5192307692307693,0.5653478570536847,0.48765647671791884
61-70,PR,4,0.7212733364435631,0.5355612164563608,0.07407407407407407,0.5049614292901887,0.48765647671791884
61-70,RI,13,0.6189989613949118,0.2665004411088356,0.20634920634920634,0.5147588941909492,0.48765647671791884
61-70,SC,24,0.5385176998653644,0.43913388018790395,0.32432432432432434,0.5041520085495228,0.48765647671791884
61-70,SD,1,0.4697954310212953,,0.0196078431372549,0.48730626013563205,0.48765647671791884
61-70,TN,25,0.2426035532414579,0.3132127023256069,0.3333333333333333,0.40597216889243193,0.48765647671791884
61-70,TX,18,0.3949422708378352,0.24465038433879388,0.2647058823529412,0.46311448104377906,0.48765647671791884
61-70,UT,12,0.3721024253264385,0.26711354338872556,0.1935483870967742,0.4652911764486,0.48765647671791884
61-70,VA,58,0.3782898188694714,0.31290475209646407,0.5370370370370371,0.4289225308363452,0.48765647671791884
61-70,WA,44,0.3424109984239301,0.27130178811779954,0.46808510638297873,0.41966923155903046,0.48765647671791884
61-70,WI,51,0.5726739677959222,0.36858857544092577,0.504950495049505,0.5305861009256234,0.48765647671791884
61-70,WV,11,0.6542316476811305,0.4832834555871214,0.18032786885245902,0.5176946223014488,0.48765647671791884
71-80,AK,5,0.24134511070852427,0.17176655023936407,0.09090909090909091,0.4652645343534284,0.48765647671791884
71-80,AL,103,0.499070836806535,0.41439674025005785,0.673202614379085,0.49534065377103953,0.48765647671791884
71-80,AR,51,0.44102842065360937,0.2650037038475708,0.504950495049505,0.4641116167250497,0.48765647671791884
71-80,AZ,565,0.5172865228013522,0.22090775259104253,0.9186991869918699,0.5148775759653007,0.48765647671791884
71-80,CA,800,0.4985968228314098,0.21962748725058492,0.9411764705882353,0.497953273060028,0.48765647671791884
71-80,CO,135,0.2937756388882443,0.22902122038367728,0.7297297297297297,0.34617586532869693,0.48765647671791884
71-80,CT,80,0.5075894062777777,0.3288901467161563,0.6153846153846154,0.4999228949086012,0.48765647671791884
71-80,DC,9,0.41910215357175934,0.32422009080324593,0.15254237288135594,0.4771990375939284,0.48765647671791884
71-80,DE,18,0.6085453788978901,0.3565765288491915,0.2647058823529412,0.5196564802361465,0.48765647671791884
71-80,FL,1058,0.6504984189975493,0.28513008879759816,0.9548736462093863,0.643149955898288,0.48765647671791884
71-80,GA,398,0.48507004220815503,0.30616449704341714,0.8883928571428571,0.48535870677397686,0.48765647671791884
71-80,GU,2,0.1126174606787768,0.059498046119813526,0.038461538461538464,0.4732318991779519,0.48765647671791884
71-80,HI,16,0.4260707642267727,0.1640121362266894,0.24242424242424243,0.47272660702309555,0.48765647671791884
71-80,IA,54,0.5318214473711604,0.33690721142934626,0.5192307692307693,0.5105882884032559,0.48765647671791884
71-80,ID,82,0.43340351087778484,0.24781902774222594,0.6212121212121212,0.4539538767263205,0.48765647671791884
71-80,IL,505,0.6755608322871761,0.3498143210052319,0.9099099099099099,0.6586325119656214,0.48765647671791884
71-80,IN,199,0.6538291165607959,0.3907091229932133,0.7991967871485943,0.6204611165923467,0.48765647671791884
71-80,KS,61,0.5235016882963681,0.3507268547357358,0.5495495495495496,0.5073551965943639,0.48765647671791884
71-80,KY,94,0.5438547126247323,0.46670766493971905,0.6527777777777778,0.5243414362681998,0.48765647671791884
71-80,LA,46,0.6242926932123165,0.5102069198686899,0.4791666666666667,0.5531279971214844,0.48765647671791884
71-80,MA,116,0.5020803311640109,0.2827252883227852,0.6987951807228916,0.4977357966922964,0.48765647671791884
71-80,MD,160,0.5158337964252196,0.3309839850146244,0.7619047619047619,0.5091249107806243,0.48765647671791884
71-80,ME,31,0.5063793674875476,0.35615010162221616,0.38271604938271603,0.49482202750629534,0.48765647671791884
71-80,MI,649,0.6903836676977458,0.3457230982942099,0.9284692417739628,0.6758824380139241,0.48765647671791884
71-80,MN,258,0.5045320704510879,0.29153452658748497,0.8376623376623377,0.5017925260138851,0.48765647671791884
71-80,MO,205,0.546936404936004,0.3759174349945666,0.803921568627451,0.5353128895991246,0.48765647671791884
71-80,MS,34,0.5328034960075317,0.374159353238228,0.40476190476190477,0.505930270239905,0.48765647671791884
71-80,MT,10,0.4349505168350838,0.21834725277381853,0.16666666666666666,0.47887215007077966,0.48765647671791884
71-80,NC,201,0.4569188447136818,0.31782947650927085,0.8007968127490039,0.46304187897747406,0.48765647671791884
71-80,ND,1,0.44212688018407753,,0.0196078431372549,0.48676373953098073,0.48765647671791884
71-80,NE,23,0.4826458702972794,0.29516540875577746,0.3150684931506849,0.4860777925031968,0.48765647671791884
71-80,NH,45,0.4987597931194059,0.2722946026711933,0.47368421052631576,0.49291594238178116,0.48765647671791884
71-80,NJ,198,0.6566461875262146,0.35085960159980273,0.7983870967741935,0.6225756813148647,0.48765647671791884
71-80,NM,55,0.47737736848407364,0.30932655635321704,0.5238095238095238,0.48227218192876187,0.48765647671791884
71-80,NV,239,0.5664704525751186,0.21880670549849504,0.8269896193771626,0.5528348166136654,0.48765647671791884
71-80,NY,183,0.6722141496213052,0.4621485009509125,0.7854077253218884,0.6326094987836686,0.48765647671791884
71-80,OH,445,0.71650005287678,0.4154319622318591,0.898989898989899,0.6933845401334607,0.48765647671791884
71-80,OK,58,0.46544970111650785,0.37328064536805583,0.5370370370370371,0.4757306157467907,0.48765647671791884
71-80,OR,148,0.38969226146276836,0.2788095244784162,0.7474747474747475,0.4144306996585134,0.48765647671791884
71-80,PA,229,0.6314445109621875,0.3835493701432331,0.8207885304659498,0.6056760460438597,0.48765647671791884
71-80,PR,16,0.7175638629589443,0.24683521721440857,0.24242424242424243,0.5433916006551371,0.48765647671791884
71-80,RI,37,0.5577364527898215,0.2932987828446906,0.42528735632183906,0.5174606044726361,0.48765647671791884
71-80,SC,119,0.4927206421416397,0.3467462675701065,0.7041420118343196,0.49122236834763944,0.48765647671791884
71-80,SD,9,0.6223236041128959,1.211728263511539,0.15254237288135594,0.5081989198798645,0.48765647671791884
71-80,TN,111,0.44798756436969644,0.3282791366808067,0.6894409937888198,0.4603071023660388,0.48765647671791884
71-80,TX,284,0.3045319335804506,0.2728293176460088,0.8502994011976048,0.3319457873435447,0.48765647671791884
71-80,UT,69,0.33939174186778587,0.23216167034124593,0.5798319327731093,0.4016878489476736,0.48765647671791884
71-80,VA,199,0.40723784181954353,0.28429340400261993,0.7991967871485943,0.4233861620802615,0.48765647671791884
71-80,VT,13,0.6115683697680975,0.3644060810680757,0.20634920634920634,0.513225597506051,0.48765647671791884
71-80,WA,216,0.3794459754258672,0.2608741735168213,0.8120300751879699,0.3997862952176063,0.48765647671791884
71-80,WI,170,0.5858373923206207,0.3566627064585724,0.7727272727272727,0.5635235478654612,0.48765647671791884
71-80,WV,30,0.5469960833487632,0.4076922953807108,0.375,0.5099088292044855,0.48765647671791884
71-80,WY,7,0.31322428077255315,0.2586291093426779,0.12280701754385964,0.4662349789702424,0.48765647671791884
81-90,AK,4,0.3314756655415939,0.41942124668351793,0.07407407407407407,0.4760875277418948,0.48765647671791884
81-90,AL,57,0.38557343640575276,0.3724723814631312,0.5327102803738317,0.4332757916918117,0.48765647671791884
81-90,AR,20,0.28404225797831684,0.23363671614256173,0.2857142857142857,0.42948098564946113,0.48765647671791884
81-90,AZ,136,0.38683567178576633,0.2568106448919926,0.7311827956989247,0.4139380387030116,0.48765647671791884
81-90,CA,133,0.32279345538092974,0.2754975179874125,0.726775956284153,0.36783799672983386,0.48765647671791884
81-90,CO,39,0.2215156235328772,0.2626477721478481,0.43820224719101125,0.3710329567829006,0.48765647671791884
81-90,CT,26,0.4651918406369324,0.27179453839805817,0.34210526315789475,0.4799712064796867,0.48765647671791884
81-90,DC,1,0.13598100549060038,,0.0196078431372549,0.48076087924287336,0.48765647671791884
81-90,DE,10,0.49688145423008423,0.3707666013348804,0.16666666666666666,0.4891939729699464,0.48765647671791884
81-90,FL,322,0.49458830427609224,0.30989429536029145,0.8655913978494624,0.49365660702364955,0.48765647671791884
81-90,GA,158,0.3931996139958022,0.29514849501699053,0.7596153846153846,0.4159055906116957,0.48765647671791884
81-90,HI,4,0.8350873934893571,0.36881883814236427,0.07407407407407407,0.5133921001824698,0.48765647671791884
81-90,IA,21,0.4173717388453794,0.31633243891174295,0.29577464788732394,0.46686803312181563,0.48765647671791884
81-90,ID,24,0.3075700269541162,0.27429213760191273,0.32432432432432434,0.42925006057830717,0.48765647671791884
81-90,IL,199,0.6557862078481362,0.42210472566957125,0.7991967871485943,0.6220252176613457,0.48765647671791884
81-90,IN,101,0.5086932164786631,0.3411378765091728,0.6688741721854304,0.501727408610867,0.48765647671791884
81-90,KS,29,0.4617012716130631,0.3587058777733068,0.3670886075949367,0.4781286166161364,0.48765647671791884
81-90,KY,40,0.3081031604205311,0.29480042903994946,0.4444444444444444,0.4078550028079687,0.48765647671791884
81-90,LA,24,0.3638156149817713,0.261758675730819,0.32432432432432434,0.4474918729116007,0.48765647671791884
81-90,MA,22,0.36900583133958276,0.23360492280817474,0.3055555555555556,0.45140211285231613,0.48765647671791884
81-90,MD,40,0.4532452270893269,0.3381601133533511,0.4444444444444444,0.4723625879941002,0.48765647671791884
81-90,ME,16,0.4649102413291146,0.3198044179296079,0.24242424242424243,0.48214223783578447,0.48765647671791884
81-90,MI,155,0.6005983878316378,0.34346736820626533,0.7560975609756098,0.5730515802429258,0.48765647671791884
81-90,MN,57,0.3832911057960723,0.22300284402563222,0.5327102803738317,0.432059970712823,0.48765647671791884
81-90,MO,90,0.43493774355951476,0.328788431517756,0.6428571428571429,0.45376586254465906,0.48765647671791884
81-90,MS,22,0.19499711545867734,1.522947294785834,0.3055555555555556,0.3982327829998173,0.48765647671791884
81-90,MT,9,0.1340772221250575,0.20492457528362404,0.15254237288135594,0.4337206582207027,0.48765647671791884
81-90,NC,95,0.41575356125551305,0.37435396333845045,0.6551724137931034,0.440547670035653,0.48765647671791884
81-90,ND,1,-0.039389153960776045,,0.0196078431372549,0.4773222486653954,0.48765647671791884
81-90,NE,11,0.4437921482650333,0.2617975957356459,0.18032786885245902,0.4797465158493657,0.48765647671791884
81-90,NH,19,0.43708607944952815,0.26083367711426214,0.2753623188405797,0.47373129486140547,0.48765647671791884
81-90,NJ,81,0.6284368725048483,0.4946229430401369,0.6183206106870229,0.5747038970136538,0.48765647671791884
81-90,NM,14,0.2471268460434493,0.19197951879749872,0.21875,0.43504062000787863,0.48765647671791884
81-90,NV,76,0.44787983413081317,0.2302009746763681,0.6031746031746031,0.4636642161098234,0.48765647671791884
81-90,NY,71,0.5692968943037012,0.39398490261896546,0.5867768595041323,0.5355611845575101,0.48765647671791884
81-90,OH,189,0.62886907948205,0.38921078633574147,0.7907949790794979,0.5993266939665414,0.48765647671791884
81-90,OK,25,0.43489305086099184,0.3034606212895045,0.3333333333333333,0.4700686680989432,0.48765647671791884
81-90,OR,47,0.26482179058781397,0.2015083918319106,0.4845360824742268,0.37968503086106387,0.48765647671791884
81-90,PA,109,0.5415823376061293,0.3827533434993029,0.6855345911949685,0.524624519716755,0.48765647671791884
81-90,PR,6,0.6392355165930763,0.23774270164288455,0.10714285714285714,0.5038970881331143,0.48765647671791884
81-90,RI,5,0.7724895906458118,0.3556921150786296,0.09090909090909091,0.5135503961659091,0.48765647671791884
81-90,SC,79,0.3767238746087506,0.36591068240907504,0.6124031007751938,0.41972100720920347,0.48765647671791884
81-90,SD,3,0.2813359771443293,0.14057730260783138,0.05660377358490566,0.4759779578741308,0.48765647671791884
81-90,TN,55,0.3360033828572046,0.3226572404249701,0.5238095238095238,0.40821914183849706,0.48765647671791884
81-90,TX,97,0.23010489617175608,0.2643511819566495,0.6598639455782312,0.31770747458881826,0.48765647671791884
81-90,UT,31,0.2819561164256638,0.24708020655139434,0.38271604938271603,0.4089316474702657,0.48765647671791884
81-90,VA,52,0.3139746227421301,0.26633365633721984,0.5098039215686274,0.39911278645575204,0.48765647671791884
81-90,VT,3,0.7602900071061148,0.43601444321013694,0.05660377358490566,0.5030885633436658,0.48765647671791884
81-90,WA,66,0.2849350921843881,0.24924582080858784,0.5689655172413793,0.37231499931090994,0.48765647671791884
81-90,WI,68,0.38909523743165414,0.31390749639931786,0.576271186440678,0.4308584744173595,0.48765647671791884
81-90,WV,14,0.35692954558387974,0.23263917739525034,0.21875,0.45905996053234777,0.48765647671791884
81-90,WY,3,-0.08434183074916331,0.26547120497492777,0.05660377358490566,0.4552792140311029,0.48765647671791884
91-95,AK,5,0.20684302761978035,0.2980112799357386,0.09090909090909091,0.4621279813453608,0.48765647671791884
91-95,AL,33,0.19528802149984117,0.2684232579498287,0.39759036144578314,0.37141359693241804,0.48765647671791884
91-95,AR,21,0.2568655306402204,0.27468168414442823,0.29577464788732394,0.4193943659062052,0.48765647671791884
91-95,AZ,89,0.3142538364458689,0.22595215975284347,0.6402877697841727,0.3766288869034408,0.48765647671791884
91-95,CA,84,0.22063148773523775,0.20597504125145993,0.6268656716417911,0.3202676776541486,0.48765647671791884
91-95,CO,33,0.1888790125596948,0.19828320252565637,0.39759036144578314,0.36886543675139605,0.48765647671791884
91-95,CT,22,0.4482670637168649,0.32258543195515793,0.3055555555555556,0.4756208227453746,0.48765647671791884
91-95,DE,7,0.24104677780241396,0.1254177224114555,0.12280701754385964,0.45737107509671654,0.48765647671791884
91-95,FL,219,0.4221325042437638,0.26071335299509135,0.8141263940520446,0.43431168128356956,0.48765647671791884
91-95,GA,127,0.25553660501531056,0.25071754852387695,0.7175141242937854,0.32110719024203604,0.48765647671791884
91-95,HI,3,0.480493882205333,0.4967797593591668,0.05660377358490566,0.48725104683984793,0.48765647671791884
91-95,IA,24,0.3478527151786706,0.36893151696333054,0.32432432432432434,0.44231471621870316,0.48765647671791884
91-95,ID,14,0.12305106745915242,0.15410927503932736,0.21875,0.40789904344256367,0.48765647671791884
91-95,IL,140,0.44333231266900114,0.36505353539092633,0.7368421052631579,0.45499656636608476,0.48765647671791884
91-95,IN,51,0.37502914849578844,0.3476769492728449,0.504950495049505,0.430785251576051,0.48765647671791884
91-95,KS,31,0.1871303389720658,0.2039258584033156,0.38271604938271603,0.37264030054358005,0.48765647671791884
91-95,KY,25,0.39903522272615666,0.37973300706752827,0.3333333333333333,0.4581160587206648,0.48765647671791884
91-95,LA,23,0.23901361333058188,0.23135649970912428,0.3150684931506849,0.409316944417799,0.48765647671791884
91-95,MA,19,0.22008634642980895,0.18640324463426397,0.2753623188405797,0.41397774518930885,0.48765647671791884
91-95,MD,29,0.35233919982862055,0.322163821368501,0.3670886075949367,0.43798304596108784,0.48765647671791884
91-95,ME,4,0.36655457748351483,0.4122160421044095,0.07407407407407407,0.4786859656635185,0.48765647671791884
91-95,MI,79,0.4307809727636467,0.36481671746450517,0.6124031007751938,0.4528257417381708,0.48765647671791884
91-95,MN,51,0.32258842791384673,0.20265790817285195,0.504950495049505,0.4043052837574468,0.48765647671791884
91-95,MO,55,0.22503409251612896,0.24172150600379314,0.5238095238095238,0.35009237070745747,0.48765647671791884
91-95,MS,15,0.39602358139968535,0.5595064308673933,0.23076923076923078,0.4665104239521726,0.48765647671791884
91-95,MT,5,0.3169856459818853,0.35846531142554533,0.09090909090909091,0.4721409466510067,0.48765647671791884
91-95,NC,79,0.26306598608012344,0.2511508801686092,0.6124031007751938,0.3501165638467108,0.48765647671791884
91-95,ND,2,0.33493492578668826,0.22117246771623522,0.038461538461538464,0.4817825709128715,0.48765647671791884
91-95,NE,16,0.25176637291324167,0.1890902071207368,0.24242424242424243,0.43047099700769403,0.48765647671791884
91-95,NH,15,0.28861003631633436,0.2704470413857255,0.23076923076923078,0.44172268277909166,0.48765647671791884
91-95,NJ,46,0.5739537242923857,0.4833971768683329,0.4791666666666667,0.5290072411806841,0.48765647671791884
91-95,NM,18,0.2880732937741528,0.29349271817090383,0.2647058823529412,0.4348256341739808,0.48765647671791884
91-95,NV,42,0.3491488857829233,0.20979358272978485,0.45652173913043476,0.42442475042150785,0.48765647671791884
91-95,NY,44,0.5494358069969417,0.4236335563673481,0.46808510638297873,0.5165744611038445,0.48765647671791884
91-95,OH,105,0.4057584147688109,0.39003330698580724,0.6774193548387096,0.4321771444298135,0.48765647671791884
91-95,OK,32,0.23048251091762234,0.3393373831911546,0.3902439024390244,0.3872959046982909,0.48765647671791884
91-95,OR,25,0.21370740401947347,0.3437302157588993,0.3333333333333333,0.3963401191517704,0.48765647671791884
91-95,PA,74,0.34335357139197936,0.3054721090458179,0.5967741935483871,0.40154022676534207,0.48765647671791884
91-95,RI,2,0.2899487258393186,0.4216365712931437,0.038461538461538464,0.4800523324533573,0.48765647671791884
91-95,SC,66,0.24414187469359913,0.3666785513250628,0.5689655172413793,0.3491050652213231,0.48765647671791884
91-95,SD,4,0.18111807324274554,0.21653731574152166,0.07407407407407407,0.46494992831235044,0.48765647671791884
91-95,TN,43,0.20628240607202059,0.2554090047072319,0.46236559139784944,0.3575587881397078,0.48765647671791884
91-95,TX,162,0.12992100996041442,0.23036518598210115,0.7641509433962265,0.21429258230888243,0.48765647671791884
91-95,UT,16,0.09051267784459796,0.13426232361891988,0.24242424242424243,0.3913791921425683,0.48765647671791884
91-95,VA,28,0.26818159091846433,0.2669476522912811,0.358974358974359,0.408870620277089,0.48765647671791884
91-95,VT,1,0.7278914753399968,,0.0196078431372549,0.4923669668869792,0.48765647671791884
91-95,WA,52,0.16008678613216218,0.21034180582313247,0.5098039215686274,0.3206601638702782,0.48765647671791884
91-95,WI,55,0.3523207173584023,0.2886273020647497,0.5238095238095238,0.41676631705341016,0.48765647671791884
91-95,WV,7,0.45023922916630504,0.49468643753636515,0.12280701754385964,0.48306137614140493,0.48765647671791884
91-95,WY,5,0.14952714924754815,0.2250825890424548,0.09090909090909091,0.45691744694788516,0.48765647671791884
<=60,AK,3,0.01772650343161017,0.02659359553162561,0.05660377358490566,0.46105666690925984,0.48765647671791884
<=60,AL,11,0.38952549251368607,0.40186227451656825,0.18032786885245902,0.4699607254679752,0.48765647671791884
<=60,AR,4,0.6785183900468237,0.25767913054307606,0.07407407407407407,0.5017943962237637,0.48765647671791884
<=60,AZ,57,0.34725649467560293,0.25487642714721404,0.5327102803738317,0.41286396291967575,0.48765647671791884
<=60,CA,184,0.32892013806708026,0.27407848731343337,0.7863247863247863,0.36283815914631923,0.48765647671791884
<=60,CO,7,0.22048083975079255,0.30950008906696574,0.12280701754385964,0.4548454335816051,0.48765647671791884
<=60,CT,11,0.44682706108363546,0.6489257226173977,0.18032786885245902,0.48029379521009724,0.48765647671791884
<=60,DC,2,0.27080691119641903,0.10101367180310222,0.038461538461538464,0.4793161088132458,0.48765647671791884
<=60,DE,1,0.5345490881962413,,0.0196078431372549,0.488575939688082,0.48765647671791884
<=60,FL,237,0.5427363389481049,0.3747270162265826,0.8257839721254355,0.5331405441344836,0.48765647671791884
<=60,GA,40,0.33290810781200847,0.3932073944192252,0.4444444444444444,0.41887942387084753,0.48765647671791884
<=60,HI,11,0.2642456295361814,0.36302427348544447,0.18032786885245902,0.44736927476711374,0.48765647671791884
<=60,IA,2,0.5905467490546645,0.2576751679503988,0.038461538461538464,0.4916137948847168,0.48765647671791884
<=60,ID,5,0.17081735180803742,0.20129645485947276,0.09090909090909091,0.45885291990792965,0.48765647671791884
<=60,IL,74,0.5355967891837552,0.5430208570015408,0.5967741935483871,0.516266018028176,0.48765647671791884
<=60,IN,23,0.6526097697210145,0.5340357819345811,0.3150684931506849,0.5396280621846476,0.48765647671791884
<=60,KS,3,0.24129387077600306,0.2357926025963054,0.05660377358490566,0.47371142355139534,0.48765647671791884
<=60,KY,12,0.47962504718376775,0.6205727110654854,0.1935483870967742,0.48610200648550245,0.48765647671791884
<=60,LA,10,0.2210306134485959,0.1972833771878874,0.16666666666666666,0.4432188328396983,0.48765647671791884
<=60,MA,18,0.6108131968425929,0.7256201854958656,0.2647058823529412,0.520256784986215,0.48765647671791884
<=60,MD,38,0.3878739266275642,0.36775522522697407,0.4318181818181818,0.4445685573607202,0.48765647671791884
<=60,ME,5,0.649966658759807,0.5121071328953356,0.09090909090909091,0.502411947812636,0.48765647671791884
<=60,MI,72,0.6333668310398273,0.4440192543121215,0.5901639344262295,0.5736494727111763,0.48765647671791884
<=60,MN,21,0.34280361010775123,0.36284606769360117,0.29577464788732394,0.444812671100827,0.48765647671791884
<=60,MO,19,0.4915224183341515,0.46383331629255803,0.2753623188405797,0.488721011365867,0.48765647671791884
<=60,MS,7,0.4785117121663059,0.8526247482956997,0.12280701754385964,0.4865334354571945,0.48765647671791884
<=60,MT,3,0.1300924582641301,0.21354028791609053,0.05660377358490566,0.46741700397525154,0.48765647671791884
<=60,NC,31,0.2678607188863787,0.31765252796631693,0.38271604938271603,0.40353711260955166,0.48765647671791884
<=60,NE,1,0.2511804750173875,,0.0196078431372549,0.4830196923708496,0.48765647671791884
<=60,NH,6,0.9351531184036755,1.4318239562419415,0.10714285714285714,0.5356025454699642,0.48765647671791884
<=60,NJ,50,0.5927243278763633,0.4115062421240948,0.5,0.5401904022971411,0.48765647671791884
<=60,NM,4,0.6088716510626692,0.7372730134682234,0.07407407407407407,0.4966353785212337,0.48765647671791884
<=60,NV,30,0.4845106385233284,0.24607771163639036,0.375,0.48647678739494743,0.48765647671791884
<=60,NY,54,0.5883977163466829,0.5330316229522213,0.5192307692307693,0.5399644280636233,0.48765647671791884
<=60,OH,45,0.7896576524373202,0.5983981002511038,0.47368421052631576,0.6307096652165827,0.48765647671791884
<=60,OK,2,0.5951604744710105,0.9062683263263233,0.038461538461538464,0.4917912458622685,0.48765647671791884
<=60,OR,17,0.27732907659637374,0.35746134491849035,0.2537313432835821,0.4342898229557357,0.48765647671791884
<=60,PA,30,0.51025578433779,0.7120892463941504,0.375,0.49613121707537056,0.48765647671791884
<=60,PR,3,0.1719941494418792,0.29195662249468146,0.05660377358490566,0.46978879781550154,0.48765647671791884
<=60,RI,5,0.5191869810130828,0.35734898245065144,0.09090909090909091,0.4905228861992974,0.48765647671791884
<=60,SC,9,0.3302109745556019,0.4086068837385361,0.15254237288135594,0.46363936621858237,0.48765647671791884
<=60,SD,1,-0.14027174739483378,,0.0196078431372549,0.4753441585980609,0.48765647671791884
<=60,TN,15,0.261449348110945,0.5519530548726,0.23076923076923078,0.435454831654771,0.48765647671791884
<=60,TX,18,0.2922488634433454,0.7500242719052411,0.2647058823529412,0.4359309320275906,0.48765647671791884
<=60,UT,4,0.2982300586417064,0.2701337359661398,0.07407407407407407,0.4736248901937549,0.48765647671791884
<=60,VA,23,0.2700689091437448,0.30049609396624827,0.3150684931506849,0.419101489674001,0.48765647671791884
<=60,VT,2,0.4425526711253677,0.49602791027860416,0.038461538461538464,0.4859217149643592,0.48765647671791884
<=60,WA,23,0.26327813771000125,0.28288643433795324,0.3150684931506849,0.4169619315510407,0.48765647671791884
<=60,WI,19,0.6608120919135887,0.4968324813952342,0.2753623188405797,0.5353370084384657,0.48765647671791884
<=60,WV,5,0.9836982480637457,0.8119388842645103,0.09090909090909091,0.5327511832039031,0.48765647671791884
>95,AK,2,0.3770315218014969,0.1141874040244153,0.038461538461538464,0.48340167075959495,0.48765647671791884
>95,AL,20,0.204457379705953,0.19700887485903384,0.2857142857142857,0.40674244900021433,0.48765647671791884
>95,AR,13,0.17455446077040546,0.20596396951180054,0.20634920634920634,0.42304812422081295,0.48765647671791884
>95,AZ,73,0.3189383173014375,0.2415805656485322,0.5934959349593496,0.3875229349504137,0.48765647671791884
>95,CA,96,0.2629987810438222,0.19342643378776309,0.6575342465753424,0.3399363480554991,0.48765647671791884
>95,CO,23,0.1278252365538648,0.09943968871203081,0.3150684931506849,0.3742849900908881,0.48765647671791884
>95,CT,20,0.3928582658865293,0.2576050932426326,0.2857142857142857,0.46057127362323613,0.48765647671791884
>95,DC,1,0.8053620525825169,,0.0196078431372549,0.4938859978133031,0.48765647671791884
>95,DE,5,0.27073521261047145,0.21389013363565518,0.09090909090909091,0.46793636179906,0.48765647671791884
>95,FL,124,0.39128452804071534,0.2760886991433136,0.7126436781609196,0.4189776167410612,0.48765647671791884
>95,GA,80,0.33752467822780813,0.2670890170226452,0.6153846153846154,0.3952676776470815,0.48765647671791884
>95,HI,1,0.4271065789408928,,0.0196078431372549,0.4864692238203301,0.48765647671791884
>95,IA,19,0.41079856243748536,0.3348937370805573,0.2753623188405797,0.46649270322040814,0.48765647671791884
>95,ID,7,0.34608581960731133,0.2108919336793438,0.12280701754385964,0.47027060654644076,0.48765647671791884
>95,IL,133,0.4718572061548903,0.28067197300743313,0.726775956284153,0.47617394674588165,0.48765647671791884
>95,IN,43,0.3399232594825705,0.28781873159275095,0.46236559139784944,0.41934972036179,0.48765647671791884
>95,KS,17,0.2507422893168031,0.27103716356140656,0.2537313432835821,0.4275439217056954,0.48765647671791884
>95,KY,12,0.43516253938982663,0.4792142059912181,0.1935483870967742,0.47749635981570737,0.48765647671791884
>95,LA,12,0.36034934823565173,0.3307384704666446,0.1935483870967742,0.4630163873342542,0.48765647671791884
>95,MA,23,0.31932385191608664,0.27344331534861405,0.3150684931506849,0.43462017027350597,0.48765647671791884
>95,MD,35,0.4077267601795171,0.25417311738003356,0.4117647058823529,0.454744240496224,0.48765647671791884
>95,ME,2,0.4642263137009074,0.23730271759690194,0.038461538461538464,0.48675531660188,0.48765647671791884
>95,MI,89,0.41573664564696106,0.31023116135733453,0.6402877697841727,0.4416070884782408,0.48765647671791884
>95,MN,46,0.3436713128095575,0.4153427637086563,0.4791666666666667,0.41866358567849565,0.48765647671791884
>95,MO,35,0.3772787209383659,0.34664656097261,0.4117647058823529,0.442206812573397,0.48765647671791884
>95,MS,8,0.3835142834717863,0.2883709110170186,0.13793103448275862,0.47329203627017635,0.48765647671791884
>95,MT,2,0.18652700448118592,0.09238617043574475,0.038461538461538464,0.47607457393958297,0.48765647671791884
>95,NC,41,0.3256541675959421,0.2739003653212752,0.45054945054945056,0.41466642535527,0.48765647671791884
>95,NE,2,0.24223850075441308,0.30897156071390025,0.038461538461538464,0.47821732379624554,0.48765647671791884
>95,NH,4,0.3816588687604767,0.04829240413804993,0.07407407407407407,0.4798048020544046,0.48765647671791884
>95,NJ,41,0.39026797868444396,0.3479811199858143,0.45054945054945056,0.4437781424391005,0.48765647671791884
>95,NM,10,0.3005216688754369,0.20817398960745245,0.16666666666666666,0.45646734207750517,0.48765647671791884
>95,NV,26,0.3185173718932838,0.23467196524854722,0.34210526315789475,0.4297930987515963,0.48765647671791884
>95,NY,25,0.4485839569872183,0.3684772299182476,0.3333333333333333,0.47463230347435204,0.48765647671791884
>95,OH,70,0.422470540531391,0.32486814445983503,0.5833333333333334,0.4496313472757776,0.48765647671791884
>95,OK,5,0.3480579894994564,0.27246417671525697,0.09090909090909091,0.47496570515260406,0.48765647671791884
>95,OR,31,0.2919893370113645,0.17748931633736992,0.38271604938271603,0.4127715220154104,0.48765647671791884
>95,PA,26,0.3293868680801403,0.25933814872353117,0.34210526315789475,0.43351161060499466,0.48765647671791884
>95,PR,2,0.5967805364888645,0.5974096188058124,0.038461538461538464,0.49185355593987834,0.48765647671791884
>95,RI,8,0.476188444814057,0.36988149211813237,0.13793103448275862,0.4860746792139379,0.48765647671791884
>95,SC,23,0.3535937761587438,0.241365828999874,0.3150684931506849,0.4454175436650281,0.48765647671791884
>95,SD,2,0.2384126430989963,0.1694704693135016,0.038461538461538464,0.4780701754248834,0.48765647671791884
>95,TN,29,0.19632818914246206,0.22118327920243008,0.3670886075949367,0.38071318127882714,0.48765647671791884
>95,TX,61,0.17621673407582183,0.196319853699837,0.5495495495495496,0.3165049064371268,0.48765647671791884
>95,UT,13,0.19632839892506532,0.21001855537797118,0.20634920634920634,0.42754115907812373,0.48765647671791884
>95,VA,34,0.23295780965899412,0.18700709686403202,0.40476190476190477,0.38456415909883024,0.48765647671791884
>95,VT,2,0.968162935980369,0.2589675717910624,0.038461538461538464,0.5061374943818593,0.48765647671791884
>95,WA,52,0.2255901579404166,0.24816777247789823,0.5098039215686274,0.35405403969409416,0.48765647671791884
>95,WI,24,0.3460238421689838,0.31365606416313674,0.32432432432432434,0.4417215682155615,0.48765647671791884
>95,WV,8,0.32692340720168034,0.39541357919854997,0.13793103448275862,0.4654863981639549,0.48765647671791884
>95,WY,1,0.1227979776382775,,0.0196078431372549,0.48050238850067095,0.48765647671791884
