window,window_end,outcome_matured_at,n_rows,n_defaults,observed_rate,expected_rate,observed_over_expected,auc,gini,ks,brier,brier_reliability,evaluated,reason
1999Q1,1999-03-31,2000-03-31,3275,4,0.0012213740458015267,0.0029676569736348537,0.41156173258985523,,,,,,false,"4 defaults, below the 50 needed for a rank-based metric"
1999Q2,1999-06-30,2000-06-30,13833,24,0.001734981565820863,0.0036001446482505925,0.48191996026157935,,,,,,false,"24 defaults, below the 50 needed for a rank-based metric"
1999Q3,1999-09-30,2000-09-30,22414,56,0.0024984384759525295,0.004090837530036931,0.6107400887001186,0.8946541985610775,0.7893083971221551,0.6686644601484928,0.002400137697678476,8.07956936033419e-6,true,""
1999Q4,1999-12-31,2000-12-31,29213,96,0.0032862081949816863,0.004815366989206055,0.6824418995162624,0.9162373641973188,0.8324747283946377,0.6907569747341187,0.0029831649462994485,3.278086115479131e-6,true,""
2000Q1,2000-03-31,2001-03-31,38146,169,0.00443034656320453,0.00532502444977463,0.8319861448508531,0.9048192202287495,0.809638440457499,0.6487523669340194,0.004051443604592241,1.0680491460207614e-6,true,""
2000Q2,2000-06-30,2001-06-30,46408,266,0.00573177038441648,0.006268361840812806,0.914396859973427,0.8877278313463864,0.7754556626927729,0.6201831026354409,0.005134811477596496,1.081250747269494e-6,true,""
2000Q3,2000-09-30,2001-09-30,55501,362,0.0065224050017116805,0.007090503044654897,0.9198790213662666,0.8815937201000505,0.7631874402001011,0.6070706388545513,0.00575409643403346,4.5207268193280576e-7,true,""
2000Q4,2000-12-31,2001-12-31,64034,472,0.007371084111565731,0.008104086280474243,0.9095515344308973,0.8876951651103767,0.7753903302207534,0.6057784098696641,0.00633210858178366,1.1298088939199309e-6,true,""
2001Q1,2001-03-31,2002-03-31,68530,524,0.007646286297971691,0.007885146516021633,0.9697075739094249,0.8857393701004829,0.7714787402009657,0.5929824781962435,0.006550935672750632,2.68177375382645e-7,true,""
2001Q2,2001-06-30,2002-06-30,73447,535,0.00728416409111332,0.00815202323210471,0.8935406442938554,0.8981202022563622,0.7962404045127245,0.6209772271887349,0.0061864828723572655,2.5614740322682555e-6,true,""
2001Q3,2001-09-30,2002-09-30,79142,577,0.007290692678982083,0.008556817654405482,0.8520331942832118,0.9066594561612706,0.8133189123225413,0.6356956856419653,0.0060851867443967745,4.116881436675124e-6,true,""
2001Q4,2001-12-31,2002-12-31,78769,600,0.007617209816044383,0.008687415916448213,0.8768096162660328,0.906252585210676,0.812505170421352,0.6460570899802565,0.006562059876445735,2.8792067112601736e-6,true,""
2002Q1,2002-03-31,2003-03-31,82599,631,0.007639317667284108,0.007924351210875844,0.9640306775902941,0.9125750882490419,0.8251501764980838,0.6643150602933292,0.006549786909132751,2.231029676109527e-6,true,""
2002Q2,2002-06-30,2003-06-30,87680,699,0.007972171532846715,0.007868041066900713,1.0132346113931787,0.9132695909334713,0.8265391818669425,0.658121183092968,0.006687401714549393,2.8278368354639718e-6,true,""
2002Q3,2002-09-30,2003-09-30,88460,714,0.008071444720777752,0.008040437809702466,1.003856370984907,0.9098619800300856,0.8197239600601711,0.6618914563751332,0.006775374711906559,1.375985266312957e-6,true,""
2002Q4,2002-12-31,2003-12-31,86206,691,0.008015683363106976,0.008559347806450634,0.9364829592584224,0.9161509312818488,0.8323018625636975,0.6780348197644424,0.006615123137579536,1.508256348231858e-6,true,""
2003Q1,2003-03-31,2004-03-31,83709,638,0.007621641639489183,0.007450677085188219,1.0229461768838215,0.9157269026468992,0.8314538052937983,0.6686996307007689,0.0064496291488972905,1.7224499008671159e-6,true,""
2003Q2,2003-06-30,2004-06-30,78680,603,0.00766395526182003,0.0077617286600170695,0.9874031414289579,0.9273882603156288,0.8547765206312576,0.703633129441827,0.006262352814820847,1.0083958699046072e-6,true,""
2003Q3,2003-09-30,2004-09-30,75551,578,0.007650461277812339,0.007523012718020725,1.0169411596881024,0.9264444311832306,0.8528888623664612,0.6933240141768222,0.006354796973155905,7.832857856981872e-7,true,""
2003Q4,2003-12-31,2004-12-31,78999,586,0.0074178154153850045,0.007232379704716965,1.0256396536463783,0.9396285111357301,0.8792570222714602,0.7228922957113967,0.006092831443226785,3.7519500457656434e-6,true,""
2004Q1,2004-03-31,2005-03-31,82499,578,0.0070061455290367156,0.006139912824038885,1.1410822482049534,0.9273295366972882,0.8546590733945765,0.695373853508712,0.00582731498910338,0.000011137391430826473,true,""
2004Q2,2004-06-30,2005-06-30,87569,575,0.0065662506138016875,0.006060665664472364,1.0834206962269943,0.9337227454966909,0.8674454909933818,0.7077704309442631,0.005361609197566798,5.505326255745155e-6,true,""
2004Q3,2004-09-30,2005-09-30,92234,543,0.005887199947958453,0.0060658780640595565,0.9705437342765304,0.9359865155232625,0.871973031046525,0.7177644234791073,0.004845500529809849,9.49423855994017e-7,true,""
2004Q4,2004-12-31,2005-12-31,97277,613,0.006301592359961758,0.005846500190008212,1.0778401017982189,0.921000346434713,0.8420006928694259,0.6844586971111584,0.005205684924739367,3.5297890131804933e-6,true,""
2005Q1,2005-03-31,2006-03-31,102257,622,0.006082713163890981,0.005125641943096923,1.1867222157573873,0.9162971746352285,0.8325943492704571,0.6650816544987841,0.005254137746939231,0.000011161784180227308,true,""
2005Q2,2005-06-30,2006-06-30,108062,664,0.006144620680720327,0.00530282756470831,1.1587441993426995,0.9084488150931441,0.8168976301862882,0.6473956964938657,0.0053267705062223615,8.0540700735569e-6,true,""
2005Q3,2005-09-30,2006-09-30,112787,709,0.006286185464636882,0.005802173179362002,1.0834191380216784,0.9118219753817932,0.8236439507635864,0.662526571070505,0.005157811834974638,3.169150914799058e-6,true,""
2005Q4,2005-12-31,2006-12-31,117977,625,0.00529764276087712,0.005689684465714585,0.9310960551152062,0.9124574544958757,0.8249149089917513,0.667355661599291,0.004545775885109082,4.198976224498953e-7,true,""
2006Q1,2006-03-31,2007-03-31,123557,669,0.0054145050462539555,0.005030692697959913,1.0762941350899229,0.8988387739455101,0.7976775478910203,0.6287159506209745,0.0047453004291237895,1.8739645280621416e-6,true,""
2006Q2,2006-06-30,2007-06-30,129059,761,0.005896527944583485,0.005309855434858651,1.110487473137854,0.9009324525734057,0.8018649051468114,0.6323072297045629,0.005048784768709327,2.652072407973864e-6,true,""
2006Q3,2006-09-30,2007-09-30,135327,826,0.006103733918582397,0.005706199600570353,1.0696670894534268,0.9071299649013834,0.8142599298027668,0.6435122411846295,0.005220811028027974,2.3102792873185717e-6,true,""
2006Q4,2006-12-31,2007-12-31,140753,1000,0.007104644305982821,0.006148638424105731,1.1554825338450656,0.8970482923443504,0.7940965846887007,0.6300753329087747,0.006057263981343382,5.00670567849085e-6,true,""
2007Q1,2007-03-31,2008-03-31,24632,188,0.007632348164988633,0.005564939795110675,1.3715059723906395,0.8604269594069989,0.7208539188139977,0.5715251882722818,0.006810317602376885,0.000012193193948799935,true,""
2007Q2,2007-06-30,2008-06-30,25550,228,0.008923679060665362,0.0058440469908863845,1.5269690806014344,0.8451807387515468,0.6903614775030935,0.531108446022251,0.00817990465930164,0.000020336895337099406,true,""
2007Q3,2007-09-30,2008-09-30,26464,278,0.01050483675937122,0.00670139844972073,1.5675588965776228,0.8573337007473376,0.7146674014946752,0.5383034594244713,0.009325039317589037,0.0000326037749597868,true,""
2007Q4,2007-12-31,2008-12-31,27449,374,0.013625268680097636,0.007077108231450573,1.9252593339673862,0.852736456960019,0.705472913920038,0.5266016857511073,0.011910503814871135,0.00010117862670869908,true,""
2008Q1,2008-03-31,2009-03-31,28124,510,0.018133978096999005,0.006891212547149478,2.6314640526506543,0.833730332866108,0.667460665732216,0.4975792330403589,0.015821851730528906,0.0002861173839379015,true,""
2008Q2,2008-06-30,2009-06-30,29120,648,0.022252747252747253,0.007021079675040682,3.1694195597656876,0.8207706878579432,0.6415413757158863,0.4814732429347958,0.019799029174127708,0.0004887519259947341,true,""
2008Q3,2008-09-30,2009-09-30,30034,774,0.025770793101152028,0.0076554271248304275,3.3663429461126073,0.8291951690360503,0.6583903380721006,0.4888142661092477,0.022482294587044448,0.0007446541651742574,true,""
2008Q4,2008-12-31,2009-12-31,30800,912,0.02961038961038961,0.008685000102511489,3.4093712447771893,0.8276216221848116,0.6552432443696232,0.47609555204928816,0.02534618905870937,0.0009627216625120626,true,""
2009Q1,2009-03-31,2010-03-31,30456,964,0.031652219595482006,0.008088455558735524,3.9132587631389826,0.8207251716901355,0.641450343380271,0.4605610748649469,0.027153406847220028,0.0012337260201960092,true,""
2009Q2,2009-06-30,2010-06-30,29813,933,0.03129507261932714,0.00880433980940675,3.554505311788488,0.820683546953354,0.641367093906708,0.4635024479458928,0.02665165380474478,0.0010903367964378392,true,""
2009Q3,2009-09-30,2010-09-30,30087,871,0.028949380130953568,0.010059335817519431,2.8778619837440025,0.8408462940583962,0.6816925881167923,0.48849190730147396,0.023731761823803675,0.0008617458983180948,true,""
2009Q4,2009-12-31,2010-12-31,30074,766,0.025470506084990355,0.009677194696323011,2.6320133968853843,0.8481121186669285,0.696224237333857,0.49953870676110856,0.02086126541324364,0.0005832402021367556,true,""
2015Q1,2015-03-31,2016-03-31,20085,150,0.0074682598954443615,0.0042961273772332085,1.7383702203574023,0.8356097316277903,0.6712194632555806,0.5042638575369953,0.00653662450026707,0.000019293164322672033,true,""
2015Q2,2015-06-30,2016-06-30,20828,138,0.0066256961782216245,0.004204689360957625,1.5757873196874195,0.8508360126365043,0.7016720252730086,0.5036536589124481,0.005870230912507282,0.00001133209774873377,true,""
2015Q3,2015-09-30,2016-09-30,21548,140,0.006497122702803044,0.004330674094857492,1.5002566714771093,0.8389724135169763,0.6779448270339525,0.4904054559043349,0.005758765371422542,9.205101230180943e-6,true,""
2015Q4,2015-12-31,2016-12-31,22248,144,0.006472491909385114,0.004221725337065754,1.533139035019204,0.8498292164314152,0.6996584328628304,0.5348353239232717,0.005630583127656984,0.000011256642283570513,true,""
2016Q1,2016-03-31,2017-03-31,22932,134,0.005843362986220129,0.0036365255631007056,1.6068532682711985,0.8353858612892202,0.6707717225784404,0.532077309740446,0.005570970628508188,0.000010542026493011201,true,""
2016Q2,2016-06-30,2017-06-30,23646,132,0.005582339507739152,0.0038114656930977346,1.4646175401364183,0.8802541232689229,0.7605082465378459,0.6065574087390877,0.0049228032503833485,0.000012404015339201856,true,""
2016Q3,2016-09-30,2017-09-30,24207,126,0.005205105961085636,0.003781127306222773,1.3766016162744261,0.8796419887113796,0.7592839774227591,0.6017350173323763,0.004340334166580237,7.613218621546267e-6,true,""
2016Q4,2016-12-31,2017-12-31,24719,156,0.0063109349083700795,0.00370790952098335,1.7020196616600285,0.8553254478019369,0.7106508956038737,0.5501170720606458,0.005655008804635836,0.000016688157298883842,true,""
2017Q1,2017-03-31,2018-03-31,25573,167,0.006530324952097916,0.0033607835114165454,1.9430959863717707,0.8414964921766324,0.6829929843532647,0.5271037866014017,0.00599524126799603,0.000023183985626791204,true,""
2017Q2,2017-06-30,2018-06-30,26348,174,0.006603916805829665,0.0030957033989216435,2.1332524324294346,0.8290305638042139,0.6580611276084278,0.4954912701821322,0.006241917075857761,0.000026704127445747908,true,""
2017Q3,2017-09-30,2018-09-30,27040,179,0.0066198224852071,0.0038189096650228537,1.733432593558739,0.873669932046191,0.7473398640923821,0.5823485234038508,0.005719350334093098,0.000024422413415326293,true,""
2017Q4,2017-12-31,2018-12-31,27875,113,0.004053811659192825,0.003829904461165637,1.058462867754942,0.8647176729125506,0.7294353458251013,0.5625598879986842,0.0036728634024959742,4.3006100228711485e-7,true,""
2018Q1,2018-03-31,2019-03-31,28471,110,0.003863580485406203,0.00334961090217208,1.1534415782146026,0.8452042016725914,0.6904084033451827,0.5430543223568858,0.0034424214195822593,9.872034421845643e-7,true,""
2018Q2,2018-06-30,2019-06-30,29341,114,0.0038853481476432295,0.0033615754678172054,1.1558116677255885,0.8645115457408704,0.7290230914817408,0.5626034326586988,0.003431147667152458,1.0070788406742617e-6,true,""
2018Q3,2018-09-30,2019-09-30,30206,120,0.003972720651526187,0.0035786441437901232,1.1101189422312048,0.859370360522059,0.7187407210441179,0.5470634182011567,0.0034836760270640713,8.355031792624328e-7,true,""
2018Q4,2018-12-31,2019-12-31,31059,141,0.004539746933256061,0.0035493984042774887,1.279018700122554,0.8657865990983241,0.7315731981966482,0.5673800154974105,0.004109629033428591,3.060610772116916e-6,true,""
2019Q1,2019-03-31,2020-03-31,31900,134,0.004200626959247649,0.0035555057583322785,1.1814428789500728,0.8407214697775994,0.6814429395551989,0.5271866757003875,0.003727397851771377,1.070235987728685e-6,true,""
2019Q2,2019-06-30,2020-06-30,32532,676,0.020779540145087913,0.003699974289407527,5.616130956524922,0.7344149124090954,0.4688298248181908,0.3522389212996948,0.020067518126622018,0.0004506118633898085,true,""
2019Q3,2019-09-30,2020-09-30,32681,1111,0.03399528778189162,0.0036070690101821863,9.424629161773254,0.7172642367182553,0.4345284734365107,0.3340905170656438,0.03305239583767204,0.0013692533415112728,true,""
2019Q4,2019-12-31,2020-12-31,32789,1257,0.038336027326237455,0.0037943445821093107,10.103464905901117,0.7156468492918157,0.4312936985836313,0.329617014186495,0.03730849645789961,0.001751009756130812,true,""
