window,window_end,n_rows,score_psi,score_psi_band,score_psi_floored_bins,max_feature_csi,worst_feature,worst_feature_floored_bins,worst_feature_n_bins,n_features_csi_moderate,n_features_csi_significant
1999Q1,1999-03-31,3275,0.06623204516835923,stable,0,12.404373315285838,loan_age,10,11,2,3
1999Q2,1999-06-30,13833,0.02882377752298398,stable,0,10.411308908141281,loan_age,9,11,0,3
1999Q3,1999-09-30,22414,0.01033396420904319,stable,0,8.830881526630687,loan_age,8,11,0,3
1999Q4,1999-12-31,29213,0.02091737922115385,stable,0,7.1215803684126815,loan_age,7,11,0,3
2000Q1,2000-03-31,38146,0.04599414870027787,stable,0,6.074367471823111,loan_age,6,11,1,3
2000Q2,2000-06-30,46408,0.07989876095623605,stable,0,4.900256015436931,loan_age,5,11,1,3
2000Q3,2000-09-30,55501,0.11233290326356216,moderate,0,3.996593450263378,loan_age,4,11,1,3
2000Q4,2000-12-31,64034,0.12905904214030084,moderate,0,3.396730541048772,loan_age,4,11,1,3
2001Q1,2001-03-31,68530,0.12044038908894505,moderate,0,2.819201996126866,loan_age,3,11,1,3
2001Q2,2001-06-30,73447,0.08612052886574521,stable,0,2.398500028685287,original_interest_rate,1,11,1,3
2001Q3,2001-09-30,79142,0.07042656033665132,stable,0,2.3117075162996454,original_interest_rate,1,11,0,3
2001Q4,2001-12-31,78769,0.04958978834516933,stable,0,1.8941173645549694,original_interest_rate,1,11,1,2
2002Q1,2002-03-31,82599,0.031775973802188266,stable,0,1.603940103560439,original_interest_rate,1,11,0,2
2002Q2,2002-06-30,87680,0.029495635318858078,stable,0,1.5670851334665754,original_interest_rate,1,11,0,2
2002Q3,2002-09-30,88460,0.024810145986406205,stable,0,1.2912630313797786,original_interest_rate,1,11,1,1
2002Q4,2002-12-31,86206,0.009527408722557452,stable,0,0.5948961791976964,original_interest_rate,1,11,0,1
2003Q1,2003-03-31,83709,0.004358894082900919,stable,0,0.29590081110183614,original_interest_rate,1,11,0,1
2003Q2,2003-06-30,78680,0.005783072573899932,stable,0,0.08636700210362702,original_interest_rate,1,11,0,0
2003Q3,2003-09-30,75551,0.019994553745078553,stable,0,0.06959744069516148,remaining_months_to_legal_maturity,1,11,0,0
2003Q4,2003-12-31,78999,0.022003194044954582,stable,0,0.09397356658712752,original_interest_rate,1,11,0,0
2004Q1,2004-03-31,82499,0.021232548070509158,stable,0,0.15603499083892763,original_interest_rate,1,11,1,0
2004Q2,2004-06-30,87569,0.029012580132083916,stable,0,0.2680981617971081,original_interest_rate,1,11,0,1
2004Q3,2004-09-30,92234,0.02443673925076574,stable,0,0.31347617012114726,original_interest_rate,1,11,0,1
2004Q4,2004-12-31,97277,0.02057111063461561,stable,0,0.38775439719298826,original_interest_rate,1,11,0,1
2005Q1,2005-03-31,102257,0.019776981665211933,stable,0,0.46636746811854946,original_interest_rate,1,11,0,1
2005Q2,2005-06-30,108062,0.018395075530580906,stable,0,0.5430590860214045,original_interest_rate,1,11,0,1
2005Q3,2005-09-30,112787,0.019267621694141052,stable,0,0.6308109341707172,original_interest_rate,1,11,0,1
2005Q4,2005-12-31,117977,0.017818672940830352,stable,0,0.6861407706057236,original_interest_rate,1,11,0,1
2006Q1,2006-03-31,123557,0.01444034698835604,stable,0,0.6923998257092705,original_interest_rate,1,11,1,1
2006Q2,2006-06-30,129059,0.009846437773014607,stable,0,0.6666875511775527,original_interest_rate,1,11,2,1
2006Q3,2006-09-30,135327,0.006209938921308099,stable,0,0.5923467618873953,original_interest_rate,1,11,2,1
2006Q4,2006-12-31,140753,0.003844084374193544,stable,0,0.5932390357713224,original_interest_rate,1,11,2,1
2007Q1,2007-03-31,24632,0.003698861778530749,stable,0,0.6361473174146355,original_interest_rate,1,11,1,2
2007Q2,2007-06-30,25550,0.0022015960347445,stable,0,0.6626737178321525,original_interest_rate,1,11,0,3
2007Q3,2007-09-30,26464,0.0010645406035066616,stable,0,0.6279156424466157,original_interest_rate,1,11,0,3
2007Q4,2007-12-31,27449,0.0012404317768933669,stable,0,0.6197322442076076,original_interest_rate,1,11,0,3
2008Q1,2008-03-31,28124,0.001344950784287974,stable,0,0.6371667172662245,original_interest_rate,1,11,1,3
2008Q2,2008-06-30,29120,0.0007286274542126472,stable,0,0.6658951492433463,original_interest_rate,1,11,1,3
2008Q3,2008-09-30,30034,0.0007012604515785413,stable,0,0.6721340749248712,original_interest_rate,1,11,2,3
2008Q4,2008-12-31,30800,0.0008516742491722148,stable,0,0.679908534711654,original_interest_rate,1,11,1,4
2009Q1,2009-03-31,30456,0.0006001058542697035,stable,0,0.7050332462372076,loan_age,1,11,1,4
2009Q2,2009-06-30,29813,0.0029231045384438153,stable,0,0.7607302443267043,loan_age,1,11,1,4
2009Q3,2009-09-30,30087,0.007494496993719642,stable,0,0.7760689259678308,loan_age,1,11,2,4
2009Q4,2009-12-31,30074,0.011185839001835403,stable,0,0.8014367588336857,loan_age,1,11,3,4
2015Q1,2015-03-31,20085,0.10307649984692557,moderate,0,5.564150399877427,loan_age,2,11,3,7
2015Q2,2015-06-30,20828,0.12456969948853536,moderate,0,5.0304237121203705,loan_age,2,11,4,7
2015Q3,2015-09-30,21548,0.1387511556910223,moderate,0,4.676640585264604,loan_age,2,11,3,7
2015Q4,2015-12-31,22248,0.1471879398206533,moderate,0,4.005684728236095,loan_age,2,11,3,7
2016Q1,2016-03-31,22932,0.15413053942357077,moderate,0,3.2476644364026797,loan_age,1,11,2,8
2016Q2,2016-06-30,23646,0.15698712158774453,moderate,0,3.066233508056353,original_interest_rate,1,11,2,8
2016Q3,2016-09-30,24207,0.16153849281581317,moderate,0,3.1734974313785713,original_interest_rate,1,11,2,8
2016Q4,2016-12-31,24719,0.163362905466828,moderate,0,3.2882500263694405,original_interest_rate,1,11,2,8
2017Q1,2017-03-31,25573,0.16577789609186375,moderate,0,3.406516729191703,original_interest_rate,1,11,2,8
2017Q2,2017-06-30,26348,0.16220884492126422,moderate,0,3.5151500768469557,original_interest_rate,1,11,1,9
2017Q3,2017-09-30,27040,0.1509279101650709,moderate,0,3.617250896587096,original_interest_rate,1,11,2,9
2017Q4,2017-12-31,27875,0.1510373495999861,moderate,0,3.7248822283630716,original_interest_rate,1,11,2,9
2018Q1,2018-03-31,28471,0.15458064527900583,moderate,0,3.815652315588357,original_interest_rate,1,11,1,10
2018Q2,2018-06-30,29341,0.1510957591963013,moderate,0,3.8867583582804817,original_interest_rate,1,11,1,10
2018Q3,2018-09-30,30206,0.1446015854895089,moderate,0,3.937087186754304,original_interest_rate,1,11,1,10
2018Q4,2018-12-31,31059,0.14227451639037736,moderate,0,3.9429831096672343,original_interest_rate,1,11,1,10
2019Q1,2019-03-31,31900,0.14272242129432128,moderate,0,3.959025667410639,original_interest_rate,1,11,1,10
2019Q2,2019-06-30,32532,0.1322471360533975,moderate,0,4.005888386883528,original_interest_rate,1,11,2,10
2019Q3,2019-09-30,32681,0.1393728298857608,moderate,0,4.062952173541383,original_interest_rate,1,11,3,9
2019Q4,2019-12-31,32789,0.1372708708544766,moderate,0,4.1215541320622595,channel,2,6,4,9
